title,new title
Acidon 1250,Acidon 1250 - Low Dilution Cleaner for Copper Alloys
Acidon 848,Acidon 848 - Cleaner for Copper Alloys
Aluminex 5761,Aluminex 5761 - Non-Etching Aluminum Cleaner for Radiator Parts
Aluminex 5834,Aluminex 5834 - Non-Etching Aluminum Cleaner
Aluminex 602,Aluminex 602 - Low pH Protective Spray Cleaner for Metal
AutoGeneral Car Wash Shampoo,Auto General Car Wash Shampoo - Biodegradable Automotive Soap for a Safe Effective Clean
AutoGeneral Anti Fog Glass Cleaner,"AutoGeneral Anti Fog Glass Cleaner - Clear and Protect Windows for Cars, Planes, and More"
AutoGeneral Anti Squeak,"AutoGeneral Anti Squeak - Lubricant for Car Doors, Interiors, Seats, and More"
AutoGeneral Degreaser,AutoGeneral Degreaser - Liquid Car Degreaser
AutoGeneral Exterior Shine,AutoGeneral Exterior Shine - Full Body Car Polish
AutoGeneral GCC 710 Concentrated Alkaline Vehicle Wash,AutoGeneral GCC 710 Concentrated Alkaline Vehicle Wash - Paint Safe Car Detailing Soap
AutoGeneral Glass Cleaner 5620,AutoGeneral Glass Cleaner 5620 - Streak Free Window and Windshield Power Cleaning
AutoGeneral Interior Shine,"AutoGeneral Interior Shine - Car Cleaner and Shine for Vinyl, Rubber, and Plastic"
AutoGeneralÂ® GCC 503,"AutoGeneral Non-Etching Aluminum Cleaner - Safe, No-Stain Cleaner and Rust Remover"
AutoGeneral Tire Shine Solvent Based,"AutoGeneral Tire Shine - Solvent Based Protection from Fading, Cracking and Sun"
AutoGeneral Tire Shine Water Based,"AutoGeneral Tire Shine - Water Based Non-Greasy Protection from Fading, Cracking and Sun"
AutoGeneral Truck Wash Soap 2440,AutoGeneral Truck Wash Soap 2440 - Heavy Duty Industrial Shampoo for a Biodegradable Effective Clean
AutoGeneral True Grit Hand Cleaner,AutoGeneral True Grit Hand Cleaner - Heavy-Duty Industrial Waterless Cleaner
Bilge Clean 9770,Bilge Clean 9770 - Bilge Cleaner for Boats
BoatProtect 1680,"BoatProtect 1680 - Temporary Coating for Boat Hull, Glass, Wood, and More"
Booth Coat 1780,"Booth Coat 1780 - Clear Protective Barrier for Grates, Floors, and Walls"
Booth Grease 2 Blue,Booth Grease 2 Blue - Protective Paint Coating for Heavy Overspray
Booth Grease 2374 Red,Booth Grease 2374 Red - Protective Paint Coating for Heavy Overspray
Booth Grease 3151 Green,Booth Grease 3151 Green - Protective Paint Coating for Heavy Overspray
Booth Grease 4550 Gold,Booth Grease 4550 Gold - Protective Paint Coating for Heavy Overspray
Booth Grease 4568 White,Booth Grease 4568 White - Protective Paint Coating for Heavy Overspray
Booth Grease 9000,Booth Grease 9000 - Clear Protective Paint Coating for Heavy Overspray
Boothcoat 1700,Boothcoat 1700 - Low Gloss Protective White Coating for Painting
Boothcoat 5140,Boothcoat 5140 - Peelable Coating to Protect from Paint and Enamel Overspray
Boothcoat 5201,Boothcoat 5201 - White Protective Coating for Spray Paint Application
CarpetGeneral Carpet Bonnet Cleaner 5857,CarpetGeneral Carpet Bonnet Cleaner 5857 - Carpet Cleaning Shampoo for Rotary Cleaners
CarpetGeneral Carpet Defoamer 5814,CarpetGeneral Carpet Defoamer 5814 - Protect Your Vacuum and Clean Better
CarpetGeneral Carpet Degreaser 4285,CarpetGeneral Carpet Degreaser 4285 - Low-Rinse Preconditioner Cleaner 
CarpetGeneral Carpet Degreaser 5673,"CarpetGeneral Carpet Degreaser 5673 - Sanitizer, Cleaner, and Carpet Degreaser"
CarpetGeneral Carpet Extraction Detergent 3947,CarpetGeneral Carpet Extraction Detergent 3947 - Deep Clean Liquid Detergent for Carpets
CarpetGeneral Carpet Fiber Rinse 53105,CarpetGeneral Carpet Fiber Rinse 53105 -  Alkaline Protective Cleaner and Odor Eliminator
CarpetGeneral Carpet Fiber Rinse 5600,CarpetGeneral Carpet Fiber Rinse 5600 - Ultimate Deep Clean and Color Protection
CarpetGeneral Carpet Odor Absorber 4278,"CarpetGeneral Carpet Odor Absorber 4278 - Eliminate Smells from Pets, Dirt, Mold, and More"
CarpetGeneral Carpet Odor Absorber 53124,"CarpetGeneral Carpet Odor Absorber 53124 - Eliminate Smells in Carpets, Furniture, and Upholstery"
CarpetGeneral Carpet Odor Absorber 5600,CarpetGeneral Carpet Odor Absorber 5600 - Eliminate Smells in Upholstery and Carpeting with Herbal Fragrance
CarpetGeneral Carpet Odor Neutralizer 4045,CarpetGeneral Carpet Odor Absorber 5600 - Eliminate Smells in Upholstery and Carpeting with Raspberry Fragrance
CarpetGeneral Carpet Spot Remover 3931,CarpetGeneral Carpet Spot Remover 3931 - Stop Discoloration and Stains for Carpets and Furniture
CarpetGeneral Carpet Stain Remover 4285,CarpetGeneral Carpet Stain Remover 4285 - Destroy Spots and Stains without Rinsing or Vacuuming
CarpetGeneral Carpet Traffic Cleaner 4106,CarpetGeneral Carpet Traffic Cleaner 4106 - Restore Traffic Lanes on Carpet
CarpetGeneral Citrus Carpet Odor Neutralizer,CarpetGeneral Citrus Carpet Odor Neutralizer - Eliminate Smells in Upholstery and Carpeting with Citrus Fragrance
CarpetGeneral Citrus Gel Spotter 5817,"CarpetGeneral Citrus Gel Spotter 5817 - Remove the Toughest Pet, Grease, Coffee, and Wine Stains "
CarpetGeneral Encapsulating Cleaner 5821,CarpetGeneral Encapsulating Cleaner 5821 - Capture Dirt and Grime and Vacuum it Away
CarpetGeneral POG Remover 9452,CarpetGeneral POG Remover 9452 - Simple Effective Stain Remover
CarpetGeneral Rust Remover 5815,"CarpetGeneral Rust Remover 5815 - Destroy Rust Stains in Tools, Curtains, Rugs, Concrete, and More"
DeckGeneral Deck Cleaner 4018,DeckGeneral Deck Cleaner 4018 - Exterior Wood Cleaner
DeckGeneral Deck Cleaner 5767,"DeckGeneral Deck Cleaner 5767 - Acidic Cleaner for Wood, Furniture, and Decor"
DeckGeneral Deck Stripper 4021,DeckGeneral Deck Stripper 4021 - Remove Oil and Latex Finishes from Wood
DeckGeneral Deck Stripper 5753,"DeckGeneral Deck Stripper 5753 - Remove Clear and Semi-Clear Stains, Films, and Sealers"
DeckGeneral Down Stream Injectable Deck Stripper 4167,DeckGeneral Down Stream Injectable Deck Stripper 4167 - Remove Wood Stain Fast with a Downstream Injector
DeckGeneral Down Stream Injectable Wood Brightener 4441,DeckGeneral Down Stream Injectable Wood Brightener 4441 - Revitalize Wood's Natural Color and Vibrancy
DeckGeneral Down Stream Injectable Wood Brightener 5664,DeckGeneral Down Stream Injectable Wood Brightener 5664 - Restore the Natural Color of Wood in Minutes
DeckGeneral Mill Glaze Remover,DeckGeneral Mill Glaze Remover - Remove Resin from New Wood
DeckGeneral Vinyl Siding Cleaner 50162,"DeckGeneral Vinyl Siding Cleaner 50162 - Effective Cleaning for Siding, Gutters, Walkways, and More"
DeckGeneral Wood Brightener 4022,DeckGeneral Wood Brightener 4022 - Spray On Wood Brightener Pre-Treatment
DeckGeneral Wood Restorer Concentrate 4030,DeckGeneral Wood Restorer Concentrate 4030 - Restore Your Wood and Remove Mildew and Weather Stains
DeconPeel Chemical Spills 5900,"DeconPeel Chemical Spills 5900 - Radioactive Decontaminate for Floors, Walls, and Equipment"
DeconPeel Nuclear 5000,DeconPeel Nuclear 5000 - Prevent the Spread of Radioactive Contamination
DeconStripaway 5201,DeconStripaway 5201 - Temporary Peel Away Corrosion Protection Coating
Disccoat 4210,Disccoat 4210 - Clear Blue Optical Disc and CD Protection Coating
Disccoat 4220,Disccoat 4220 - Water Based Clear Blue Optical Disc and CD Protection Coating
E-Coat Stripper 9410,"E-Coat Stripper 9410 - Epoxy Coat Remover for steel, Aluminum, and More"
ECoat Cleaner 1684,ECoat Cleaner 1684 - Water Based Spray System Cleaning
ECoat Cleaner 1910,ECoat Cleaner 1910 - Uncured Paint Remover for Tank Cleaning
ECoat Cleaner 3555 A & B,ECoat Cleaner 3555 A & B - Dissolves Uncured E-Coat for Filtration Cleaning
ECoat Cleaner 4770,ECoat Cleaner 4770 - E-Coat Remover for Vertical Walls and Prolonged Contact
Evap Lube 6460,Evap Lube 6460 - Light/Medium Film Free Vanishing Lubricant for Bending or Stamping Painted Stock
EvapLube 2200,EvapLube 2200 - Film Free Vanishing Lubricant and Coolant
EvapLube 2231,EvapLube 2231 - Vanishing Oil for Vacuum or Thermal De-Oiling Process
EvapLube 2240,EvapLube 2240 - Light/Medium Film Free Vanishing Lubricant and Coolant
EvapLube 3010,EvapLube 3010 - Sprayable Rollable Vanishing Oil for Non-Ferrous Metals
EvapLube 9500,"EvapLube 9500 - Light Duty Vanishing Oil for Stamping, Fin, and Roll Forming Machines"
FireOut 1970,FireOut 1970 - Temporary Peelable Flame Retardant Coating
FloorPeel 2510,FloorPeel 2510 - Peelable Coating for Rough Open and Porous Surfaces 
FloorPeel 4000,"FloorPeel 4000 - Protect High Traffic Floors from Grease, Ink, Adhesives, and More"
FoundryGeneral Foundry Cleaner 2988,"FoundryGeneral Foundry Cleaner 2988 - Clean Up Urethane Resin from Screens, Vents, and More"
FoundryGeneral Foundry Cleaner 4950,FoundryGeneral Foundry Cleaner 4950 - Low VOC Urethane Clean Up
FoundryGeneral Foundry Cleaner 5095 WB,FoundryGeneral Foundry Cleaner 5095 WB - Water Based Alkaline Urethane Resin Clean Up
FoundryGeneral Green Core Paste Standard,FoundryGeneral Green Core Paste Standard - Quick Dry VOC-Free Core Adhesive
FoundryGeneral Green Core Paste Thick,FoundryGeneral Green Core Paste Thick - Quick Dry VOC-Free Core Adhesive
FoundryGeneral Incast Clean 5798 Wax Pattern Cleaner/Etch,FoundryGeneral Incast Clean 5798 Wax Pattern Cleaner/Etch - Remove of Excess Material from Casts and Molds
FoundryGeneral Metal Cleaner 4375,FoundryGeneral Metal Cleaner 4375 - Non-Chlorinated Cleaning for Core Boxes and Tooling
FoundryGeneral Metal Cleaner 95,FoundryGeneral Metal Cleaner 95 - Solvent Blend for Cleaning Core Boxes and Tooling
FoundryGeneral Metal Cleaner CM,FoundryGeneral Metal Cleaner CM - Non-Chlorinated Cleaning for Core Boxes and Tooling
FoundryGeneral Metal Cleaner HF,FoundryGeneral Metal Cleaner HF - High Flash Point Non-Chlorinated Cleaning for Core Boxes and Tooling
FoundryGeneral Mold Release 007H 12 Cans / Case,FoundryGeneral Mold Release 007H 12 Cans / Case - Aerosol Mold Release for Cold Box Core Making
FoundryGeneral Mold Release 100,FoundryGeneral Mold Release 100 - Solid Only SIlicon Mold Release for Cold Box Work
FoundryGeneral Mold Release 168,FoundryGeneral Mold Release 168 - Silicon and Solvent Mold Release Blend for Cold Box Work
FoundryGeneral Mold Release 200,FoundryGeneral Mold Release 200 - High Viscosity Solid Only SIlicon Mold Release for Cold Box Work
FoundryGeneral Mold Release 90,FoundryGeneral Mold Release 90 - VOC-Free Water Emulsion for Hot Box and Warm Box Work
FoundryGeneral Mold Release EM,FoundryGeneral Mold Release EM - Emulsified Silicone Blend for Cold Box Work
FoundryGeneral Mold Release HP,"FoundryGeneral Mold Release HP - Silicone Aliphatic Blend Agent for Aluminum, Urethane, and Metal Core Box Release in Cold Box Work"
FoundryGeneral Mold Release MSO,"FoundryGeneral Mold Release MSO - Silicone Petroleum Blend for Agent for Aluminum, Urethane, and Metal Core Box Release in Cold Box Work"
FoundryGeneral No Bake Release 125-RHP,"FoundryGeneral No Bake Release 125-RHP - Non-Silicone Release Agent for Wood, Plastic, and Metal Core Boxes"
FoundryGeneral No Bake Release 4414,FoundryGeneral No Bake Release 4414 - Silicone Aluminum Flake Blend for Use on Foam
FoundryGeneral No Bake Release 4453,FoundryGeneral No Bake Release 4453 - Solvent Based Silicone Aluminum Flake Blend
FoundryGeneral No Bake Release 5000,FoundryGeneral No Bake Release 5000 - Silicone Aluminum Flake Blend Fluid Release Film
FoundryGeneral Pattern Spray 1,FoundryGeneral Pattern Spray 1 - Oil Based Parting Agent for Smooth Molding Lines
FoundryGeneral Pattern Spray WEB,FoundryGeneral Pattern Spray WEB - Oil in Water Emulsion for All Molding Lines
GenDraw 2231,GenDraw 2231 - Vanishing Oil for Vacuum and Thermal De-Oiling
Gendraw 3590,Gendraw 3590 - Protective Stamping and Drawing Lubricant
GenDraw 3850,GenDraw 3850 - Heavy Duty High Pressure Lubricant
Gendraw 3970,"Gendraw 3970 - Heavy Duty Protective Lubricant for Deep Drawing, Stamping, Blanking, Tube and Roll FOrming"
GenLube 2200,GenLube 2200 - Vanishing Oil for Metal Stamping and Forming
GenLube 2231,GenLube 2231 - Lubricant for Vacuum or Thermal De-Oiling
GenLube 2240,GenLube 2240 - Vanishing Oil for Metal Stamping and Forming
GenLube 3010,GenLube 3010 - Vanishing Oil for Metal Stamping and Forming
GenPro 3390,GenPro 3390 - Solvent Based Rust and Corrosion Inhibitor for Ferrous and Non-Ferrous Metals
GenPro1260,GenPro1260 - Rust Inhibitor for Iron and Ferrous Metals
Glowpeel Mask 2860,"Glowpeel Mask 2860 - Temporary Glow-in-the-Dark Coating, Perfect for Parties, Halloween, and More"
Grate Coating 1775,Grate Coating 1775 - Fast Drying Paint Protection Coating for Grates
High Temp Coating 4882,"High Temp Coating 4882 - Temperature Resistant Peelable Coating for Metal, Glass, or Ceramics"
Laser_ProtectMask_5900,Laser ProtectMask 5900 - Protective Film for Laser Engraving
LeatherStrip 9160,LeatherStrip 9160 - Strip Coatings from Leather to Prepare for Dyeing
Liquid Mask 4560,Liquid Mask 4560 - Solvent Based Water and Acid Resistant Strippable Coating
Marbleshield 4580,"Marbleshield 4580 - Protective Coating for Marble, Granite, and Wood"
Metal Cleaner 4377,Metal Cleaner 4377 - Lower Intensity Cleaning for Core Boxes and Tooling
Metal Protect 5000,"Metal Protect 5000 - Protect Aluminum and Other Metals from Corrosion, Rust, and More"
MetalProtect 5201,MetalProtect 5201 - Anti-Corrosion Protective Coating for Metal Transport
Midas Strip 3092,Midas Strip 3092 - Tote and Container Exterior Cleaner
Midas Strip 8520,Midas Strip 8520 - General Paint Remover
MidasStrip 3089,MidasStrip 3089 - Tote and Container Exterior Cleaner for Vertical Surfaces
ModelMask 9350,ModelMask 9350 - Clear Paint Protection Mask for Miniature and RC Model Painting
Mold Cleaner 4,Mold Cleaner 4 - Remove Urethane from Molds and Tooling
Mold Cleaner 4-TL,Mold Cleaner 4-TL - Clean Urethane Residue from Molds and Tooling
OxyPolish 3000,OxyPolish 3000 - Remove Stains and Oxidation from All Metal Surfaces
OxyStrip 2030 Pro,OxyStrip 2030 Pro - Paint Remover for Aluminum and Other Non-Ferrous Metals
Paint Booth Cleaner 1998,Paint Booth Cleaner 1998 - Water Based Paint Remover for Heavy Overspray
Paint Booth Cleaner 47L,Paint Booth Cleaner 47L - Solvent Based Paint Remover for Clear Coats
Paint Booth Cleaner 55,Paint Booth Cleaner 55 - Solvent Based Paint Remover for Heavy Overspray
Paint Booth Stripper 410A,Paint Booth Stripper 410A - Paint Remover for Walls and Windows
Paint Booth Stripper 410C,Paint Booth Stripper 410C - Low Viscosity Paint Remover for Walls and Windows
Paint Booth Stripper 470,Paint Booth Stripper 470 - Paint Remover for Clear Coats
Paint Booth Stripper 5410,Paint Booth Stripper 5410 - Thick Paint Remover for Walls and Windows
Paint Booth Stripper 5771,Paint Booth Stripper 5771 - Paint Deposit Remover for Walls and Equipment
Paint Booth Stripper LT1,Paint Booth Stripper LT1 - Thick Solvent Based Paint Remover for Clear Coats
Paint Line Cleaner 1920,Paint Line Cleaner 1920 - Solvent Based Deep Cleaning for Paint Lines
Paint Line Cleaner 3426,Paint Line Cleaner 3426 - Water Based Deep Cleaning for Paint Lines
Paint Strippers General Aqualean 7950,Paint Strippers General Aqualean 7950 - Water Based Paint Remover
Paint Strippers General FloorPaint Strip 2500,Paint Strippers General FloorPaint Strip 2500 - Gel Paint Remover for Floors
Paint Strippers General Graffitex 4800,Paint Strippers General Graffitex 4800 - Paint and Graffiti Remover for Walls
Paint Strippers General Latexsol 6840,Paint Strippers General Latexsol 6840 - Latex Paint Remover for Totes and Tanks
Paintshield 5140,Paintshield 5140 - Clear Peelable Protective Coating for Equipment 
Paintshield 5720,Paintshield 5720 - Temporary Coating to Protect Car Paint
PaverGeneral Masonry Cleaner 5876,"PaverGeneral Masonry Cleaner 5876 - Oil, Grease, and Dirt Remover for Wood, Plastic, Metal, Stone, and More"
PaverGeneral Masonry Sealer 4426,"PaverGeneral Masonry Sealer 4426 - Glossy Finish Sealer for Stone, Brick, Mortar, and More"
PaverGeneral Masonry Sealer 4454,PaverGeneral Masonry Sealer 4454 - Water Damage Protection Invisible Finish Sealer
PaverGeneral Masonry Sealer 4551,PaverGeneral Masonry Sealer 4551 -  Water Damage Protection Glossy Finish Sealer
PaverGeneral Masonry Sealer 5745,PaverGeneral Masonry Sealer 5745 - Glossy Acrylic Finish for Water Damage Protection
PaverGeneral Rust Remover 4015,"PaverGeneral Rust Remover 4015 - Effective Rust Clean Up for Walkways, Pools, Brick, and More"
PaverGeneral Surface Efflorescence Remover 4248,"PaverGeneral Surface Efflorescence Remover 4248 - Remove Salt Stains from Brick, Stone, Concrete, and More"
PaverGeneral Zonacote,PaverGeneral Zonacote - Oil Repellent Finish for Stone
PeelKleer 1830,PeelKleer 1830 - Clear Water Removable Auto Body Paint Booth Protective Coating
Peelkleer 5358,"Peelkleer 5358 - Clear Strippable Protective Coating for Walls, Windows, and Lights"
PeelStrip 4870,PeelStrip 4870 - Removes Temporary Protective Coatings
Pet Urine Smell and Odor Remover 5905,Pet Urine Smell and Odor Remover 5905 - Eliminate Organic Pet Odors
Plastic Mask 7550,Plastic Mask 7550 - Protection for Plastic Substrate During and After Molding
Plate Off Mask 4210,Plate Off Mask 4210 - Blue Peelable Solvent Based Maskant
Plate Off Mask 4300,Plate Off Mask 4300 - Blue Strippable Water and Acid Resistant Coating
Rolcide 5500,Rolcide 5500 - Sterilizer for Metalworking Fluids
Rolube  6001,Rolube  6001 - Rolling Mill Lubricant for Quick Effortless Lubrication
Rust Inhibitor,Rust Inhibitor - Prevent Rust and Corrosion
ScreenPeel 4220,"ScreenPeel 4220 - Tint Adjustable Coating for Glass, Decal, Parts, Wood, and More"
ScreenPeel 5900,ScreenPeel 5900 - Tinted Peelable Clear and Tinted Film for Plate Making
Sign Peel 4014,"Sign Peel 4014 - Clear Paint Protection Coating for Plastic, Polycarbonate, and Acrylic"
Stripacryl 3800,Stripacryl 3800 - Remover for Acrylic Paints and Coatings
Stripaway 2880,Stripaway 2880 - Fast Peelable Mask for Cyclorama Studios and Displays
Stripaway 5140,Stripaway 5140 - Protective Peelable Coating for Equipment and Projects
Stripaway 5980,Stripaway 5980 - Temporary Protection Coating for Semi and Fully Glazed Wood
Stripcoat 2100,Stripcoat 2100 - Clear Strippable Water Resistant Coating
Stripcoat 4710,Stripcoat 4710 - Strippable Black Coating for Light Sensitive Application
Stripoxy2800,Stripoxy 2800 - Water Based Epoxy Paint Remover for Aluminum
Stripoxy6840,Stripoxy 6840 - Cured and Uncured Epoxy Paint Remover for Metal Surfaces
StripOxy 6842,StripOxy 6842 - Paint Remover for Cured and Uncured epoxy
Stripoxy 8649,"Stripoxy 8649 - Paint Remover for Aluminum, Steel and other Powder Coatings"
StripPaint 9900,"StripPaint 9900 - Cured Coating Stripper for Powder, ecoating, and wet coatings"
Studio Protectfilm 5140,Studio Protectfilm 5140 - Temporary Paint Protection Film
ISOSolve Gel,Studio Protectfilm 5140 - Temporary Paint Protective Film
Tacky Booth Coating 10HT,Tacky Booth Coating 10HT - Water Based Clear Tacky Coating Paint Booth Protection
Tacky Booth Coating 10W,Tacky Booth Coating 10W - Water Based White Tacky Coating Paint Booth Protection
Tacky Booth Coating 2329,Tacky Booth Coating 2329 - Water Based Clear Tacky Coating for Temporary Paint Booth Protection
Tacky Booth Coating 2769,Tacky Booth Coating 2769 - Water Based White Tacky Coating for Temporary Paint Booth Protection 
Tacky Booth Coating 3228,"Tacky Booth Coating 3228 - Water Based, Soft, Clear Tacky Coating for Temporary Paint Booth Protection"
Tacky Oven Cleaner 2559,Tacky Oven Cleaner 2559 - Effective Contaminant Destroying Oven Cleaner
Tacky Oven Cleaner 4021,Tacky Oven Cleaner 4021 - Effective Contaminant Destroying Oven Cleaner
Tacky Oven Cleaner 4676,Tacky Oven Cleaner 4676 -  Effective Contaminant Destroying Oven Cleaner
Tacky Oven Coating 1493,Tacky Oven Coating 1493 - Protective Coating for Paint Ovens
Tubcoat 9350,"Tubcoat 9350 - Thick Protective Coating for Glass, Porcelain, and Enamel"
Urethane Conditioner 1421A,Urethane Conditioner 1421A - Solvent Based Conditioner for Clear Coat Overspray Bonding
UV MetalMask 721,UV MetalMask 721 - Curable Peelable Protective Film for Metal Surfaces
UV MetalMask 730,UV MetalMask 730 - Easy Peel Protective Clear Film for Metal Surface
UV MetalMask 731,UV MetalMask 731 - UV Cure Masking Resin for Protecting Metal Surfaces
UV MetalMask 732,UV MetalMask 732 - Metal Surface Protection for Acid Stripping and Machining
UV MetalMask 733,UV MetalMask 733 - UV Cured Making Resin for Metal Surfaces
UV MetalMask 737,UV MetalMask 737 - Temporary Peelable Resin for Plastic Surfaces
Windocoat 4880,"Windocoat 4880 - Temporary Protective Coating for Windows, Wood, and Glass"
Windocoat 4930,"Windocoat 4930 - Temporary Cold Climate Protective Coating for Windows, Wood, and Glass"
Windocoat Doorshield 5980,Windocoat Doorshield 5980 - Coating for Primed Wood and Frames
WoodStrip 3900,WoodStrip 3900 - Alkaline Paint Remover for Wood